ID;DEPARTURE;ORIGIN;DESTINATION;
U0;07:00:00;842380.0274675325 6520332.560323426;841122.4072814917 6517181.360950163;velov
U1;07:15:00;842380.0274675325 6520332.560323426;841122.4072814917 6517181.360950163;velov
U2;07:40:00;841122.4072814917 6517181.360950163;842380.0274675325 6520332.560323426;velov
